accounts	1
team	isaac	isaac	ycevid
team	cain	cain	kju7f3
team	judas	judas	juhj84
team	magdalene	magdalene	ge737p
team	pedri	pedri	v57ib8
team	iniesta	iniesta	pxwcq8
team	xavi	xavi	xk6aiq
team	ramos	ramos	wsteh2
team	homer	homer	zjj3q5
team	marge	marge	e7pd3f
team	bart	bart	dspx8a
team	lisa	lisa	3iigt4
team	yasuo	yasuo	8xvtfb
team	rakan	rakan	dbex7d
team	blitzcrank	blitzcrank	5c4bx8
team	alistar	alistar	kty3xv
team	goya	goya	ppwebf
team	dali	dali	xqfexw
team	picasso	picasso	cavwcd
team	gonzalo	gonzalo	sjpmcq
